Date,Name,Year,Letterboxd URI
2025-02-03,Emilia PÃ©rez,2024,https://boxd.it/AP3G
2025-02-03,Flow,2024,https://boxd.it/v1Ei
2025-02-03,Meet Joe Black,1998,https://boxd.it/2aEI
2025-02-03,Pride & Prejudice,2005,https://boxd.it/24u8
2025-02-03,The Shawshank Redemption,1994,https://boxd.it/2aHi
2025-02-03,No Country for Old Men,2007,https://boxd.it/21ew
2025-02-03,Loving Vincent,2017,https://boxd.it/biIQ
2025-02-04,Good Will Hunting,1997,https://boxd.it/2ahY
2025-02-04,Memento,2000,https://boxd.it/2bcK
2025-02-06,The Hunt,2012,https://boxd.it/3wEC
2025-02-09,A Real Pain,2024,https://boxd.it/CjNG
2025-02-12,Scott Pilgrim vs. the World,2010,https://boxd.it/1Aq6
2025-02-12,Hidden Figures,2016,https://boxd.it/dgS4
2025-02-12,Bones and All,2022,https://boxd.it/tLd4
2025-02-12,Challengers,2024,https://boxd.it/zld0
2025-02-12,2001: A Space Odyssey,1968,https://boxd.it/2bf0
2025-02-12,The Grand Budapest Hotel,2014,https://boxd.it/3ZqO
2025-02-12,Portrait of a Lady on Fire,2019,https://boxd.it/jkPq
2025-02-12,Fargo,1996,https://boxd.it/2aHM
2025-02-12,Rashomon,1950,https://boxd.it/2a9K
2025-02-12,Dorian Gray,2009,https://boxd.it/1zaw
2025-02-12,Nowhere Boy,2009,https://boxd.it/1flk
2025-02-12,Anna Karenina,2012,https://boxd.it/3lyy
2025-02-12,Kill Your Darlings,2013,https://boxd.it/4VRS
2025-02-12,Naked,1993,https://boxd.it/1BT4
2025-02-12,Little Women,2019,https://boxd.it/aSVk
2025-02-12,Never Let Me Go,2010,https://boxd.it/Xw0
2025-02-12,Under the Silver Lake,2018,https://boxd.it/dSAs
2025-02-12,The Illusionist,2006,https://boxd.it/28H6
2025-02-16,Sonic the Hedgehog 2,2022,https://boxd.it/pb8O
2025-02-16,Bohemian Rhapsody,2018,https://boxd.it/f1TK
2025-02-17,Mean Girls,2004,https://boxd.it/1VNg
2025-02-17,Parasite,2019,https://boxd.it/hTha
2025-02-17,Fast & Furious,2009,https://boxd.it/1Pnm
2025-02-18,American Sniper,2014,https://boxd.it/5LDy
2025-02-18,Barry Lyndon,1975,https://boxd.it/25A2
2025-02-18,Prometheus,2012,https://boxd.it/2s9e
2025-02-18,Sin City,2005,https://boxd.it/2aVk
2025-02-18,The Duchess,2008,https://boxd.it/1ReQ
2025-02-18,Scarface,1983,https://boxd.it/2b7g
2025-02-18,A Fistful of Dollars,1964,https://boxd.it/2auo
2025-02-18,The Passion of the Christ,2004,https://boxd.it/29ZK
2025-02-18,Reservoir Dogs,1992,https://boxd.it/2agc
2025-02-18,Gone Baby Gone,2007,https://boxd.it/23R6
2025-02-18,Saltburn,2023,https://boxd.it/z4eg
2025-02-18,The Holdovers,2023,https://boxd.it/vHza
2025-02-18,Mary Shelley,2017,https://boxd.it/aW9u
2025-02-18,Orpheus,1950,https://boxd.it/247o
2025-02-18,Tolkien,2019,https://boxd.it/gM4G
2025-02-18,The Oxford Murders,2008,https://boxd.it/1Scc
2025-02-18,Black Swan,2010,https://boxd.it/Sw0
2025-02-18,The Goldfinch,2019,https://boxd.it/gX6I
