Date,Name,Year,Letterboxd URI
2025-02-03,Tetris,2023,https://boxd.it/rePK
2025-02-03,Flow,2024,https://boxd.it/v1Ei
2025-02-03,Oppenheimer,2023,https://boxd.it/wUow
2025-02-03,The Game,1997,https://boxd.it/26vC
2025-02-03,The Butterfly Effect,2004,https://boxd.it/27M0
2025-02-04,Everything Everywhere All at Once,2022,https://boxd.it/jUk4
2025-02-04,Inside Out 2,2024,https://boxd.it/CFrC
2025-02-04,The Devil Wears Prada,2006,https://boxd.it/2awE
2025-02-04,The Wave,2008,https://boxd.it/20OS
2025-02-04,Alien,1979,https://boxd.it/2awY
2025-02-05,Mandibles,2020,https://boxd.it/nHDK
2025-02-05,The VelociPastor,2018,https://boxd.it/glzW
2025-02-05,Kill Bill: Vol. 1,2003,https://boxd.it/70w
2025-02-05,Taxi Driver,1976,https://boxd.it/2b8y
2025-02-05,Vertigo,1958,https://boxd.it/2apI
2025-02-05,Catch Me If You Can,2002,https://boxd.it/29VS
2025-02-05,Schindler's List,1993,https://boxd.it/2aq2
2025-02-06,Interstellar,2014,https://boxd.it/4VZ8
2025-02-07,Inglourious Basterds,2009,https://boxd.it/1JzG
2025-02-08,Minuscule: Valley of the Lost Ants,2013,https://boxd.it/4vO4
2025-02-08,Minuscule 2: Mandibles from Far Away,2018,https://boxd.it/iAla
2025-02-10,Once Upon a Time... in Hollywood,2019,https://boxd.it/gH0O
2025-02-10,Grave of the Fireflies,1988,https://boxd.it/1RUM
2025-02-10,Madame Doubtfire,2001,https://boxd.it/5vMu
2025-02-10,The Princess and the Frog,2009,https://boxd.it/1WQq
2025-02-10,Alice in Wonderland,2010,https://boxd.it/1Spq
2025-02-10,The Secret World of Arrietty,2010,https://boxd.it/AF4
2025-02-10,Now You See Me,2013,https://boxd.it/2Bsu
2025-02-10,Baby Driver,2017,https://boxd.it/bhF2
2025-02-10,Split,2016,https://boxd.it/dgSy
2025-02-10,Knives Out,2019,https://boxd.it/jWEA
2025-02-10,Cruella,2021,https://boxd.it/bbKg
2025-02-10,The Gray Man,2022,https://boxd.it/rb7q
2025-02-10,The Wild Robot,2024,https://boxd.it/IWFy
